region,country,capital_city,attraction_1
Belgium,Belgium,Brussels,Grand Place
Région de Bruxelles-Capitale/Brussels Hoofdstedelijk Gewest,Belgium,City of Brussels,Brussels
Région de Bruxelles-Capitale/Brussels Hoofdstedelijk Gewest,Belgium,City of Brussels,Brussels
Arr. de Bruxelles-Capitale/Arr. Brussel-Hoofdstad,Belgium,NULL,NULL
Vlaams Gewest,Belgium,City of Brussels,Walloon Region
Prov. Antwerpen,Belgium,and largest city of Antwerp Province,Flemish Region of Belgium
Arr. Antwerpen,Belgium,and largest city of Antwerp Province,Flemish Region of Belgium
Arr. Mechelen,Belgium,Mechelen,Flemish Region of Belgium
Arr. Turnhout,Belgium,the administrative district with the same name,Flemish
Prov. Limburg (BE),Belgium,NULL,NULL
Arr. Tongeren,Belgium,the Civitas Tungrorum district,Belgian
Arr. Hasselt,Belgium,and largest city of the province of Limburg in the Flemish Region of Belgium,Flemish Region of Belgium
Arr. Maaseik,Belgium,Maaseik,Belgian
Prov. Oost-Vlaanderen,Belgium,Ghent,Dutch
Arr. Aalst,Belgium,NULL,NULL
Arr. Dendermonde,Belgium,Dendermonde,Flemish
Arr. Eeklo,Belgium,Eeklo,Flemish
Arr. Gent,Belgium,NULL,Gent Cakaj
Arr. Oudenaarde,Belgium,Oudenaarde,Flemish
Arr. Sint-Niklaas,Belgium,NULL,Flemish
Prov. Vlaams-Brabant,Belgium,Leuven,Belgian
Arr. Halle-Vilvoorde,Belgium,Region,NULL
Arr. Leuven,Belgium,and largest city of the province of Flemish Brabant in the Flemish Region of Belgium,Flemish Region of Belgium
Prov. West-Vlaanderen,Belgium,Bruges,Flemish Region
Arr. Brugge,Belgium,and largest city of the province of West Flanders,Flemish Region of Belgium
Arr. Diksmuide,Belgium,Diksmuide,Flemish
Arr. Ieper,Belgium,Ieper,Dutch
Arr. Kortrijk,Belgium,Kortrijk,Flemish
Arr. Oostende,Belgium,Oostende,NULL
Arr. Roeselare,Belgium,Roeselare,Flemish
Arr. Tielt,Belgium,Tielt,West Flanders
Arr. Veurne,Belgium,Veurne,Belgian
Région wallonne,Belgium,Namur,Walloon Region
Prov. Brabant wallon,Belgium,Wavre,Walloon Brabant
Arr. Nivelles,Belgium,Nivelles,Belgian
Prov. Hainaut,Belgium,NULL,NULL
Arr. Mons,Belgium,Mons,NULL
Arr. Tournai-Mouscron,Belgium,Tournai-Mouscron,Belgian
Arr. La Louvière,Belgium,La Louvière,La Louvière
Arr. Ath,Belgium,Ath,NULL
Arr. Charleroi,Belgium,Charleroi,Sambre
Arr. Soignies,Belgium,Soignies,NULL
Arr. Thuin,Belgium,Thuin,NULL
Prov. Liège,Belgium,the eponymous province,Belgian
Arr. Huy,Belgium,Huy,Walloon
Arr. Liège,Belgium,the eponymous province,Belgian
Arr. Waremme,Belgium,Waremme,NULL
Arr. Verviers — communes francophones,Belgium,NULL,East Cantons
Bezirk Verviers — Deutschsprachige Gemeinschaft,Belgium,Eupen,Eupen
Prov. Luxembourg (BE),Belgium,Luxembourg City,Grand Duchy of Luxembourg
Arr. Arlon,Belgium,the province of Luxembourg in Lorraine,Arelerland
Arr. Bastogne,Belgium,Bastogne,Ardennes
Arr. Marche-en-Famenne,Belgium,Marche-en-Famenne,Belgian
Arr. Neufchâteau,Belgium,NULL,NULL
Arr. Virton,Belgium,the district,Gaume
Prov. Namur,Belgium,both of the province of Namur and of Wallonia,Parliament of Wallonia
Arr. Dinant,Belgium,Dinant,Ardennes
Arr. Namur,Belgium,both of the province of Namur and of Wallonia,Parliament of Wallonia
Arr. Philippeville,Belgium,Philippeville,NULL
Bulgaria,Bulgaria,Sofia,Alexander Nevsky Cathedral
Severna i Yugoiztochna Bulgaria,Bulgaria,NULL,NULL
Severozapaden,Bulgaria,Pleven,NULL
Vidin,Bulgaria,Vidin Province,Danube
Montana,Bulgaria,"Helena, Montana",Mountain West
Vratsa,Bulgaria,Vratsa,NULL
Pleven,Bulgaria,Pleven Province,Northwestern Bulgaria
Lovech,Bulgaria,the Lovech Province and of the subordinate Lovech Municipality,Lovech Province
Severen tsentralen,Bulgaria,"Ruse, Bulgaria",Veliko Tarnovo
Veliko Tarnovo,Bulgaria,Veliko Tarnovo Province,NULL
Gabrovo,Bulgaria,Gabrovo Province,NULL
Ruse,Bulgaria,NULL,NULL
Razgrad,Bulgaria,Razgrad Province,Beli Lom
Silistra,Bulgaria,the Silistra Province and one of the important towns of the historical region of Dobruja,Romanian
Severoiztochen,Bulgaria,"Varna, Bulgaria",NULL
Varna,Bulgaria,NULL,NULL
Dobrich,Bulgaria,Dobrich Province and the capital of the region of Southern Dobrudzha,Bulgarian Black Sea Coast
Shumen,Bulgaria,Shumen Province,NULL
Targovishte,Bulgaria,Targovishte Province,NULL
Yugoiztochen,Bulgaria,Burgas,NULL
Burgas,Bulgaria,Burgas Province and an important industrial,Bulgarian Black Sea Coast
Sliven,Bulgaria,Sliven,Sliven Valley
Yambol,Bulgaria,Yambol Province,Tundzha
Stara Zagora,Bulgaria,Stara Zagora Province,Upper Thracian Plain
Yugozapadna i Yuzhna tsentralna Bulgaria,Bulgaria,NULL,NULL
Yugozapaden,Bulgaria,Sofia,NULL
Sofia (stolitsa),Bulgaria,NULL,NULL
Sofia,Bulgaria,and largest city of Bulgaria,Sofia Valley
Blagoevgrad,Bulgaria,Blagoevgrad Municipality and of Blagoevgrad Province,Struma River
Pernik,Bulgaria,Pernik,Struma River
Kyustendil,Bulgaria,the Kyustendil Province,Kyustendil Province
Yuzhen tsentralen,Bulgaria,Plovdiv,NULL
Plovdiv,Bulgaria,Culture in,Bulgarian
Haskovo,Bulgaria,the Haskovo Province,Haskovo Province
Pazardzhik,Bulgaria,Pazardzhik,Maritsa
Smolyan,Bulgaria,Smolyan,Smolyan Province
Kardzhali,Bulgaria,Kardzhali,Kardzhali Reservoir
Czechia,Czechia,Prague,Prague Castle
Česko,Czechia,Prague,NULL
Praha,Czechia,Bohemia,Vltava River
Hlavní město Praha,Czechia,Bohemia,Vltava River
Střední Čechy,Czechia,Prague,NULL
Středočeský kraj,Czechia,Prague,NULL
Jihozápad,Czechia,NULL,Nomenclature of Territorial Units
Jihočeský kraj,Czechia,České Budějovice,South Bohemian Region
Plzeňský kraj,Czechia,Plzeň,South Bohemian Region
Severozápad,Czechia,NULL,Nomenclature of Territorial Units
Karlovarský kraj,Czechia,Karlovy Vary,Karlovy Vary
Ústecký kraj,Czechia,Ústí nad Labem,North Bohemia
Severovýchod,Czechia,NULL,Nomenclature of Territorial Units
Liberecký kraj,Czechia,Liberec,Hradec Králové Region
Královéhradecký kraj,Czechia,Hradec Králové,Pardubice Region
Pardubický kraj,Czechia,Pardubice,Bohemian
Jihovýchod,Czechia,NULL,Nomenclature of Territorial Units
Kraj Vysočina,Czechia,Jihlava,NULL
Jihomoravský kraj,Czechia,Brno,South Bohemian Region
Střední Morava,Czechia,NULL,Olomouc Region
Olomoucký kraj,Czechia,Olomouc,NULL
Zlínský kraj,Czechia,Zlín,Olomouc Region
Moravskoslezsko,Czechia,Ostrava,Ostrava Region
Moravskoslezský kraj,Czechia,Ostrava,Ostrava Region
Denmark,Denmark,Copenhagen,Tivoli Gardens
Danmark,Denmark,NULL,NULL
Hovedstaden,Denmark,Hillerød,NULL
Byen København,Denmark,and most populous city of both the country of Denmark and the wider Kingdom of Denmark,NULL
Københavns omegn,Denmark,NULL,Folketing
Nordsjælland,Denmark,NULL,Danish
Bornholm,Denmark,NULL,Baltic Sea
Sjælland,Denmark,NULL,NULL
Østsjælland,Denmark,Sorø,Danish Municipal Reform
Vest- og Sydsjælland,Denmark,Sorø,Danish Municipal Reform
Syddanmark,Denmark,Vejle,Funish
Fyn,Denmark,NULL,Odense Steel Shipyard
Sydjylland,Denmark,NULL,Grenen
Midtjylland,Denmark,NULL,Danish Superliga
Vestjylland,Denmark,NULL,Ringkøbing Fjord
Østjylland,Denmark,NULL,Enner Mark Prison
Nordjylland,Denmark,NULL,North Jutland
Nordjylland,Denmark,NULL,North Jutland
Germany,Germany,Berlin,Brandenburg Gate
Baden-Württemberg,Germany,Stuttgart,Rhine
Stuttgart,Germany,and largest city of the German state of Baden-Württemberg,Neckar
"Stuttgart, Stadtkreis",Germany,and largest city of the German state of Baden-Württemberg,Neckar
Böblingen,Germany,Böblingen,NULL
Esslingen,Germany,NULL,NULL
Göppingen,Germany,the district Göppingen,Stuttgart Region of Baden
Ludwigsburg,Germany,Ludwigsburg,Stuttgart Region
Rems-Murr-Kreis,Germany,Waiblingen,Schwäbisch Hall
"Heilbronn, Stadtkreis",Germany,Heilbronn,Heilbronn District
"Heilbronn, Landkreis",Germany,Heilbronn,Heilbronn District
Hohenlohekreis,Germany,Künzelsau,Schwäbisch Hall
Schwäbisch Hall,Germany,Stuttgart,Kocher
Main-Tauber-Kreis,Germany,Tauberbischofsheim,Bad Windsheim
Heidenheim,Germany,NULL,Bundesliga
Ostalbkreis,Germany,Aalen,Schwäbisch Hall
Karlsruhe,Germany,Baden,Rhine
"Baden-Baden, Stadtkreis",Germany,Baden-Baden,Black Forest
"Karlsruhe, Stadtkreis",Germany,Baden,Rhine
"Karlsruhe, Landkreis",Germany,Baden,Rhine
Rastatt,Germany,Rastatt,Upper Rhine Plain
"Heidelberg, Stadtkreis",Germany,Heidelberg,NULL
"Mannheim, Stadtkreis",Germany,and Germany,University City of Mannheim
Neckar-Odenwald-Kreis,Germany,Mosbach,Rhine
Rhein-Neckar-Kreis,Germany,Heidelberg,NULL
"Pforzheim, Stadtkreis",Germany,Pforzheim,Karlsruhe
Calw,Germany,and largest town of the district Calw,NULL
Enzkreis,Germany,Pforzheim,NULL
Freudenstadt,Germany,the district Freudenstadt,NULL
Freiburg,Germany,Freiburg,NULL
"Freiburg im Breisgau, Stadtkreis",Germany,Freiburg im Breisgau,NULL
Breisgau-Hochschwarzwald,Germany,Freiburg,NULL
Emmendingen,Germany,the district Emmendingen of Germany,Elz River
Ortenaukreis,Germany,Offenburg,NULL
Rottweil,Germany,Rottweil,NULL
Schwarzwald-Baar-Kreis,Germany,Villingen-Schwenningen,Swiss
Tuttlingen,Germany,the district Tuttlingen,Black Forest
Konstanz,Germany,NULL,Baden
Lörrach,Germany,Lörrach,Wiese
Waldshut,Germany,Waldshut,NULL
Tübingen,Germany,Stuttgart,NULL
Reutlingen,Germany,the eponymous district of Reutlingen,NULL
"Tübingen, Landkreis",Germany,Stuttgart,NULL
Zollernalbkreis,Germany,Balingen,Swabian Alb
"Ulm, Stadtkreis",Germany,NULL,NULL
Alb-Donau-Kreis,Germany,Ulm,NULL
Biberach,Germany,Biberach,Ortenaukreis
Bodenseekreis,Germany,Friedrichshafen,Tübingen
Ravensburg,Germany,the district of Ravensburg,Upper Swabia
Sigmaringen,Germany,Sigmaringen district,Baden
Bayern,Germany,Munich,Free State of Bavaria
Oberbayern,Germany,Munich,Upper Bavaria
"Ingolstadt, Kreisfreie Stadt",Germany,Ingolstadt,Danube
"München, Kreisfreie Stadt",Germany,and most populous city of Bavaria,Alps
"Rosenheim, Kreisfreie Stadt",Germany,Rosenheim,Bavarian Alpine Foreland
Altötting,Germany,the district Altötting of Germany,Pope John Paul
Berchtesgadener Land,Germany,Bad Reichenhall,Austrian
Bad Tölz-Wolfratshausen,Germany,the Bad Tölz-Wolfratshausen district,Bad Tölz
Dachau,Germany,NULL,Nazi Party
Ebersberg,Germany,NULL,Oberbayern Regierungsbezirk
Eichstätt,Germany,the district of Eichstätt,Altmühl
Erding,Germany,the rural district of the same name,NULL
Freising,Germany,the Freising Landkreis,Freising Landkreis
Fürstenfeldbruck,Germany,the district of Fürstenfeldbruck,NULL
Garmisch-Partenkirchen,Germany,Garmisch-Partenkirchen,Oberbayern
Landsberg am Lech,Germany,the district of Landsberg am Lech,NULL
Miesbach,Germany,the Miesbach district,County of Hohenwaldeck
Mühldorf a. Inn,Germany,the district Mühldorf on the river Inn,NULL
"München, Landkreis",Germany,and most populous city of Bavaria,Alps
Neuburg-Schrobenhausen,Germany,Neuburg an der Donau,NULL
Pfaffenhofen a. d. Ilm,Germany,the district Pfaffenhofen,NULL
"Rosenheim, Landkreis",Germany,Rosenheim,Bavarian Alpine Foreland
Starnberg,Germany,the district of Starnberg,Lake Starnberg
Traunstein,Germany,of a much larger district of the same name,NULL
Weilheim-Schongau,Germany,the district Weilheim-Schongau in the south of Bavaria,NULL
Niederbayern,Germany,Landshut,Lower Bavaria
"Landshut, Kreisfreie Stadt",Germany,Lower Bavaria,River Isar
"Passau, Kreisfreie Stadt",Germany,Passau,Lower Bavaria
"Straubing, Kreisfreie Stadt",Germany,Straubing,Gäubodenvolksfest
Deggendorf,Germany,the Deggendorf district,NULL
Freyung-Grafenau,Germany,"Freyung, Bavaria",NULL
Kelheim,Germany,the district Kelheim and is situated at the confluence of the rivers Altmühl and Danube,NULL
"Landshut, Landkreis",Germany,Lower Bavaria,River Isar
"Passau, Landkreis",Germany,Passau,Lower Bavaria
Regen,Germany,Regen,NULL
Rottal-Inn,Germany,Pfarrkirchen,Austrian
Straubing-Bogen,Germany,Straubing,NULL
Dingolfing-Landau,Germany,Dingolfing,NULL
Oberpfalz,Germany,Regensburg,NULL
"Amberg, Kreisfreie Stadt",Germany,Amberg,Upper Palatinate
"Regensburg, Kreisfreie Stadt",Germany,the Upper Palatinate subregion of the state,Upper Palatinate
"Weiden i. d. Opf, Kreisfreie Stadt",Germany,NULL,NULL
Amberg-Sulzbach,Germany,NULL,NULL
Cham,Germany,NULL,NULL
Neumarkt i. d. OPf.,Germany,NULL,NULL
Neustadt a. d. Waldnaab,Germany,NULL,NULL
"Regensburg, Landkreis",Germany,the Upper Palatinate subregion of the state,Upper Palatinate
Schwandorf,Germany,NULL,NULL
Tirschenreuth,Germany,NULL,NULL
Oberfranken,Germany,NULL,NULL
"Bamberg, Kreisfreie Stadt",Germany,NULL,NULL
"Bayreuth, Kreisfreie Stadt",Germany,NULL,NULL
"Coburg, Kreisfreie Stadt",Germany,NULL,NULL
"Hof, Kreisfreie Stadt",Germany,NULL,NULL
"Bamberg, Landkreis",Germany,NULL,NULL
"Bayreuth, Landkreis",Germany,NULL,NULL
"Coburg, Landkreis",Germany,NULL,NULL
Forchheim,Germany,NULL,NULL
"Hof, Landkreis",Germany,NULL,NULL
Kronach,Germany,NULL,NULL
Kulmbach,Germany,NULL,NULL
Lichtenfels,Germany,NULL,NULL
Wunsiedel i. Fichtelgebirge,Germany,NULL,NULL
Mittelfranken,Germany,NULL,NULL
"Ansbach, Kreisfreie Stadt",Germany,NULL,NULL
"Erlangen, Kreisfreie Stadt",Germany,NULL,NULL
"Fürth, Kreisfreie Stadt",Germany,NULL,NULL
"Nürnberg, Kreisfreie Stadt",Germany,NULL,NULL
"Schwabach, Kreisfreie Stadt",Germany,NULL,NULL
"Ansbach, Landkreis",Germany,NULL,NULL
Erlangen-Höchstadt,Germany,NULL,NULL
"Fürth, Landkreis",Germany,NULL,NULL
Nürnberger Land,Germany,NULL,NULL
Neustadt a. d. Aisch-Bad Windsheim,Germany,NULL,NULL
Roth,Germany,NULL,NULL
Weißenburg-Gunzenhausen,Germany,NULL,NULL
Unterfranken,Germany,NULL,NULL
"Aschaffenburg, Kreisfreie Stadt",Germany,NULL,NULL
"Schweinfurt, Kreisfreie Stadt",Germany,NULL,NULL
"Würzburg, Kreisfreie Stadt",Germany,NULL,NULL
"Aschaffenburg, Landkreis",Germany,NULL,NULL
Bad Kissingen,Germany,NULL,NULL
Rhön-Grabfeld,Germany,NULL,NULL
Haßberge,Germany,NULL,NULL
Kitzingen,Germany,NULL,NULL
Miltenberg,Germany,NULL,NULL
Main-Spessart,Germany,NULL,NULL
"Schweinfurt, Landkreis",Germany,NULL,NULL
"Würzburg, Landkreis",Germany,NULL,NULL
Schwaben,Germany,NULL,NULL
"Augsburg, Kreisfreie Stadt",Germany,NULL,NULL
"Kaufbeuren, Kreisfreie Stadt",Germany,NULL,NULL
"Kempten (Allgäu), Kreisfreie Stadt",Germany,NULL,NULL
"Memmingen, Kreisfreie Stadt",Germany,NULL,NULL
Aichach-Friedberg,Germany,NULL,NULL
"Augsburg, Landkreis",Germany,NULL,NULL
Dillingen a.d. Donau,Germany,NULL,NULL
Günzburg,Germany,NULL,NULL
Neu-Ulm,Germany,NULL,NULL
Lindau (Bodensee),Germany,NULL,NULL
Ostallgäu,Germany,NULL,NULL
Unterallgäu,Germany,NULL,NULL
Donau-Ries,Germany,NULL,NULL
Oberallgäu,Germany,NULL,NULL
Berlin,Germany,NULL,NULL
Berlin,Germany,NULL,NULL
Berlin,Germany,NULL,NULL
Brandenburg,Germany,NULL,NULL
Brandenburg,Germany,NULL,NULL
"Brandenburg an der Havel, Kreisfreie Stadt",Germany,NULL,NULL
"Cottbus, Kreisfreie Stadt",Germany,NULL,NULL
"Frankfurt (Oder), Kreisfreie Stadt",Germany,NULL,NULL
"Potsdam, Kreisfreie Stadt",Germany,NULL,NULL
Barnim,Germany,NULL,NULL
Dahme-Spreewald,Germany,NULL,NULL
Elbe-Elster,Germany,NULL,NULL
Havelland,Germany,NULL,NULL
Märkisch-Oderland,Germany,NULL,NULL
Oberhavel,Germany,NULL,NULL
Oberspreewald-Lausitz,Germany,NULL,NULL
Oder-Spree,Germany,NULL,NULL
Ostprignitz-Ruppin,Germany,NULL,NULL
Potsdam-Mittelmark,Germany,NULL,NULL
Prignitz,Germany,NULL,NULL
Spree-Neiße,Germany,NULL,NULL
Teltow-Fläming,Germany,NULL,NULL
Uckermark,Germany,NULL,NULL
Bremen,Germany,NULL,NULL
Bremen,Germany,NULL,NULL
"Bremen, Kreisfreie Stadt",Germany,NULL,NULL
"Bremerhaven, Kreisfreie Stadt",Germany,NULL,NULL
Hamburg,Germany,NULL,NULL
Hamburg,Germany,NULL,NULL
Hamburg,Germany,NULL,NULL
Hessen,Germany,NULL,NULL
Darmstadt,Germany,NULL,NULL
"Darmstadt, Kreisfreie Stadt",Germany,NULL,NULL
"Frankfurt am Main, Kreisfreie Stadt",Germany,NULL,NULL
"Offenbach am Main, Kreisfreie Stadt",Germany,NULL,NULL
"Wiesbaden, Kreisfreie Stadt",Germany,NULL,NULL
Bergstraße,Germany,NULL,NULL
Darmstadt-Dieburg,Germany,NULL,NULL
Groß-Gerau,Germany,NULL,NULL
Hochtaunuskreis,Germany,NULL,NULL
Main-Kinzig-Kreis,Germany,NULL,NULL
Main-Taunus-Kreis,Germany,NULL,NULL
Odenwaldkreis,Germany,NULL,NULL
"Offenbach, Landkreis",Germany,NULL,NULL
Rheingau-Taunus-Kreis,Germany,NULL,NULL
Wetteraukreis,Germany,NULL,NULL
Gießen,Germany,NULL,NULL
"Gießen, Landkreis",Germany,NULL,NULL
Lahn-Dill-Kreis,Germany,NULL,NULL
Limburg-Weilburg,Germany,NULL,NULL
Marburg-Biedenkopf,Germany,NULL,NULL
Vogelsbergkreis,Germany,NULL,NULL
Kassel,Germany,NULL,NULL
"Kassel, Kreisfreie Stadt",Germany,NULL,NULL
Fulda,Germany,NULL,NULL
Hersfeld-Rotenburg,Germany,NULL,NULL
"Kassel, Landkreis",Germany,NULL,NULL
Schwalm-Eder-Kreis,Germany,NULL,NULL
Waldeck-Frankenberg,Germany,NULL,NULL
Werra-Meißner-Kreis,Germany,NULL,NULL
Mecklenburg-Vorpommern,Germany,NULL,NULL
Mecklenburg-Vorpommern,Germany,NULL,NULL
"Rostock, Kreisfreie Stadt",Germany,NULL,NULL
"Schwerin, Kreisfreie Stadt",Germany,NULL,NULL
Mecklenburgische Seenplatte,Germany,NULL,NULL
Landkreis Rostock,Germany,NULL,NULL
Vorpommern-Rügen,Germany,NULL,NULL
Nordwestmecklenburg,Germany,NULL,NULL
Vorpommern-Greifswald,Germany,NULL,NULL
Ludwigslust-Parchim,Germany,NULL,NULL
Niedersachsen,Germany,NULL,NULL
Braunschweig,Germany,NULL,NULL
"Braunschweig, Kreisfreie Stadt",Germany,NULL,NULL
"Salzgitter, Kreisfreie Stadt",Germany,NULL,NULL
"Wolfsburg, Kreisfreie Stadt",Germany,NULL,NULL
Gifhorn,Germany,NULL,NULL
Goslar,Germany,NULL,NULL
Helmstedt,Germany,NULL,NULL
Northeim,Germany,NULL,NULL
Peine,Germany,NULL,NULL
Wolfenbüttel,Germany,NULL,NULL
Göttingen,Germany,NULL,NULL
Hannover,Germany,NULL,NULL
Diepholz,Germany,NULL,NULL
Hameln-Pyrmont,Germany,NULL,NULL
Hildesheim,Germany,NULL,NULL
Holzminden,Germany,NULL,NULL
Nienburg (Weser),Germany,NULL,NULL
Schaumburg,Germany,NULL,NULL
Region Hannover,Germany,NULL,NULL
Lüneburg,Germany,NULL,NULL
Celle,Germany,NULL,NULL
Cuxhaven,Germany,NULL,NULL
Harburg,Germany,NULL,NULL
Lüchow-Dannenberg,Germany,NULL,NULL
"Lüneburg, Landkreis",Germany,NULL,NULL
Osterholz,Germany,NULL,NULL
Rotenburg (Wümme),Germany,NULL,NULL
Heidekreis,Germany,NULL,NULL
Stade,Germany,NULL,NULL
Uelzen,Germany,NULL,NULL
Verden,Germany,NULL,NULL
Weser-Ems,Germany,NULL,NULL
"Delmenhorst, Kreisfreie Stadt",Germany,NULL,NULL
"Emden, Kreisfreie Stadt",Germany,NULL,NULL
"Oldenburg (Oldenburg), Kreisfreie Stadt",Germany,NULL,NULL
"Osnabrück, Kreisfreie Stadt",Germany,NULL,NULL
"Wilhelmshaven, Kreisfreie Stadt",Germany,NULL,NULL
Ammerland,Germany,NULL,NULL
Aurich,Germany,NULL,NULL
Cloppenburg,Germany,NULL,NULL
Emsland,Germany,NULL,NULL
Friesland (DE),Germany,NULL,NULL
Grafschaft Bentheim,Germany,NULL,NULL
Leer,Germany,NULL,NULL
"Oldenburg, Landkreis",Germany,NULL,NULL
"Osnabrück, Landkreis",Germany,NULL,NULL
Vechta,Germany,NULL,NULL
Wesermarsch,Germany,NULL,NULL
Wittmund,Germany,NULL,NULL
Nordrhein-Westfalen,Germany,NULL,NULL
Düsseldorf,Germany,NULL,NULL
"Düsseldorf, Kreisfreie Stadt",Germany,NULL,NULL
"Duisburg, Kreisfreie Stadt",Germany,NULL,NULL
"Essen, Kreisfreie Stadt",Germany,NULL,NULL
"Krefeld, Kreisfreie Stadt",Germany,NULL,NULL
"Mönchengladbach, Kreisfreie Stadt",Germany,NULL,NULL
"Mülheim an der Ruhr, Kreisfreie Stadt",Germany,NULL,NULL
"Oberhausen, Kreisfreie Stadt",Germany,NULL,NULL
"Remscheid, Kreisfreie Stadt",Germany,NULL,NULL
"Solingen, Kreisfreie Stadt",Germany,NULL,NULL
"Wuppertal, Kreisfreie Stadt",Germany,NULL,NULL
Kleve,Germany,NULL,NULL
Mettmann,Germany,NULL,NULL
Rhein-Kreis Neuss,Germany,NULL,NULL
Viersen,Germany,NULL,NULL
Wesel,Germany,NULL,NULL
Köln,Germany,NULL,NULL
"Bonn, Kreisfreie Stadt",Germany,NULL,NULL
"Köln, Kreisfreie Stadt",Germany,NULL,NULL
"Leverkusen, Kreisfreie Stadt",Germany,NULL,NULL
Düren,Germany,NULL,NULL
Rhein-Erft-Kreis,Germany,NULL,NULL
Euskirchen,Germany,NULL,NULL
Heinsberg,Germany,NULL,NULL
Oberbergischer Kreis,Germany,NULL,NULL
Rheinisch-Bergischer Kreis,Germany,NULL,NULL
Rhein-Sieg-Kreis,Germany,NULL,NULL
Städteregion Aachen,Germany,NULL,NULL
Münster,Germany,NULL,NULL
"Bottrop, Kreisfreie Stadt",Germany,NULL,NULL
"Gelsenkirchen, Kreisfreie Stadt",Germany,NULL,NULL
"Münster, Kreisfreie Stadt",Germany,NULL,NULL
Borken,Germany,NULL,NULL
Coesfeld,Germany,NULL,NULL
Recklinghausen,Germany,NULL,NULL
Steinfurt,Germany,NULL,NULL
Warendorf,Germany,NULL,NULL
Detmold,Germany,NULL,NULL
"Bielefeld, Kreisfreie Stadt",Germany,NULL,NULL
Gütersloh,Germany,NULL,NULL
Herford,Germany,NULL,NULL
Höxter,Germany,NULL,NULL
Lippe,Germany,NULL,NULL
Minden-Lübbecke,Germany,NULL,NULL
Paderborn,Germany,NULL,NULL
Arnsberg,Germany,NULL,NULL
"Bochum, Kreisfreie Stadt",Germany,NULL,NULL
"Dortmund, Kreisfreie Stadt",Germany,NULL,NULL
"Hagen, Kreisfreie Stadt",Germany,NULL,NULL
"Hamm, Kreisfreie Stadt",Germany,NULL,NULL
"Herne, Kreisfreie Stadt",Germany,NULL,NULL
Ennepe-Ruhr-Kreis,Germany,NULL,NULL
Hochsauerlandkreis,Germany,NULL,NULL
Märkischer Kreis,Germany,NULL,NULL
Olpe,Germany,NULL,NULL
Siegen-Wittgenstein,Germany,NULL,NULL
Soest,Germany,NULL,NULL
Unna,Germany,NULL,NULL
Rheinland-Pfalz,Germany,NULL,NULL
Koblenz,Germany,NULL,NULL
"Koblenz, Kreisfreie Stadt",Germany,NULL,NULL
Ahrweiler,Germany,NULL,NULL
Altenkirchen (Westerwald),Germany,NULL,NULL
Bad Kreuznach,Germany,NULL,NULL
Birkenfeld,Germany,NULL,NULL
Mayen-Koblenz,Germany,NULL,NULL
Neuwied,Germany,NULL,NULL
Rhein-Lahn-Kreis,Germany,NULL,NULL
Westerwaldkreis,Germany,NULL,NULL
Cochem-Zell,Germany,NULL,NULL
Rhein-Hunsrück-Kreis,Germany,NULL,NULL
Trier,Germany,NULL,NULL
"Trier, Kreisfreie Stadt",Germany,NULL,NULL
Bernkastel-Wittlich,Germany,NULL,NULL
Eifelkreis Bitburg-Prüm,Germany,NULL,NULL
Vulkaneifel,Germany,NULL,NULL
Trier-Saarburg,Germany,NULL,NULL
Rheinhessen-Pfalz,Germany,NULL,NULL
"Frankenthal (Pfalz), Kreisfreie Stadt",Germany,NULL,NULL
"Kaiserslautern, Kreisfreie Stadt",Germany,NULL,NULL
"Landau in der Pfalz, Kreisfreie Stadt",Germany,NULL,NULL
"Ludwigshafen am Rhein, Kreisfreie Stadt",Germany,NULL,NULL
"Mainz, Kreisfreie Stadt",Germany,NULL,NULL
"Neustadt an der Weinstraße, Kreisfreie Stadt",Germany,NULL,NULL
"Pirmasens, Kreisfreie Stadt",Germany,NULL,NULL
"Speyer, Kreisfreie Stadt",Germany,NULL,NULL
"Worms, Kreisfreie Stadt",Germany,NULL,NULL
"Zweibrücken, Kreisfreie Stadt",Germany,NULL,NULL
Alzey-Worms,Germany,NULL,NULL
Bad Dürkheim,Germany,NULL,NULL
Donnersbergkreis,Germany,NULL,NULL
Germersheim,Germany,NULL,NULL
"Kaiserslautern, Landkreis",Germany,NULL,NULL
Kusel,Germany,NULL,NULL
Südliche Weinstraße,Germany,NULL,NULL
Rhein-Pfalz-Kreis,Germany,NULL,NULL
Mainz-Bingen,Germany,NULL,NULL
Südwestpfalz,Germany,NULL,NULL
Saarland,Germany,NULL,NULL
Saarland,Germany,NULL,NULL
Regionalverband Saarbrücken,Germany,NULL,NULL
Merzig-Wadern,Germany,NULL,NULL
Neunkirchen,Germany,NULL,NULL
Saarlouis,Germany,NULL,NULL
Saarpfalz-Kreis,Germany,NULL,NULL
St. Wendel,Germany,NULL,NULL
Sachsen,Germany,NULL,NULL
Dresden,Germany,NULL,NULL
"Dresden, Kreisfreie Stadt",Germany,NULL,NULL
Bautzen,Germany,NULL,NULL
Görlitz,Germany,NULL,NULL
Meißen,Germany,NULL,NULL
Sächsische Schweiz-Osterzgebirge,Germany,NULL,NULL
Chemnitz,Germany,NULL,NULL
"Chemnitz, Kreisfreie Stadt",Germany,NULL,NULL
Erzgebirgskreis,Germany,NULL,NULL
Mittelsachsen,Germany,NULL,NULL
Vogtlandkreis,Germany,NULL,NULL
Zwickau,Germany,NULL,NULL
Leipzig,Germany,NULL,NULL
"Leipzig, Kreisfreie Stadt",Germany,NULL,NULL
Leipzig,Germany,NULL,NULL
Nordsachsen,Germany,NULL,NULL
Sachsen-Anhalt,Germany,NULL,NULL
Sachsen-Anhalt,Germany,NULL,NULL
"Dessau-Roßlau, Kreisfreie Stadt",Germany,NULL,NULL
"Halle (Saale), Kreisfreie Stadt",Germany,NULL,NULL
"Magdeburg, Kreisfreie Stadt",Germany,NULL,NULL
Altmarkkreis Salzwedel,Germany,NULL,NULL
Anhalt-Bitterfeld,Germany,NULL,NULL
Jerichower Land,Germany,NULL,NULL
Börde,Germany,NULL,NULL
Burgenlandkreis,Germany,NULL,NULL
Harz,Germany,NULL,NULL
Mansfeld-Südharz,Germany,NULL,NULL
Saalekreis,Germany,NULL,NULL
Salzlandkreis,Germany,NULL,NULL
Stendal,Germany,NULL,NULL
Wittenberg,Germany,NULL,NULL
Schleswig-Holstein,Germany,NULL,NULL
Schleswig-Holstein,Germany,NULL,NULL
"Flensburg, Kreisfreie Stadt",Germany,NULL,NULL
"Kiel, Kreisfreie Stadt",Germany,NULL,NULL
"Lübeck, Kreisfreie Stadt",Germany,NULL,NULL
"Neumünster, Kreisfreie Stadt",Germany,NULL,NULL
Dithmarschen,Germany,NULL,NULL
Herzogtum Lauenburg,Germany,NULL,NULL
Nordfriesland,Germany,NULL,NULL
Ostholstein,Germany,NULL,NULL
Pinneberg,Germany,NULL,NULL
Plön,Germany,NULL,NULL
Rendsburg-Eckernförde,Germany,NULL,NULL
Schleswig-Flensburg,Germany,NULL,NULL
Segeberg,Germany,NULL,NULL
Steinburg,Germany,NULL,NULL
Stormarn,Germany,NULL,NULL
Thüringen,Germany,NULL,NULL
Thüringen,Germany,NULL,NULL
"Erfurt, Kreisfreie Stadt",Germany,NULL,NULL
"Gera, Kreisfreie Stadt",Germany,NULL,NULL
"Jena, Kreisfreie Stadt",Germany,NULL,NULL
"Weimar, Kreisfreie Stadt",Germany,NULL,NULL
Eichsfeld,Germany,NULL,NULL
Nordhausen,Germany,NULL,NULL
Unstrut-Hainich-Kreis,Germany,NULL,NULL
Kyffhäuserkreis,Germany,NULL,NULL
Gotha,Germany,NULL,NULL
Sömmerda,Germany,NULL,NULL
Hildburghausen,Germany,NULL,NULL
Weimarer Land,Germany,NULL,NULL
Saale-Holzland-Kreis,Germany,NULL,NULL
Saale-Orla-Kreis,Germany,NULL,NULL
Greiz,Germany,NULL,NULL
Altenburger Land,Germany,NULL,NULL
Schmalkalden-Meiningen,Germany,NULL,NULL
Wartburgkreis,Germany,NULL,NULL
"Suhl, Kreisfreie Stadt",Germany,NULL,NULL
Ilm-Kreis,Germany,NULL,NULL
Saalfeld-Rudolstadt,Germany,NULL,NULL
Sonneberg,Germany,NULL,NULL
Estonia,Estonia,Tallinn,Tallinn Old Town
Eesti,Estonia,NULL,NULL
Eesti,Estonia,NULL,NULL
Põhja-Eesti,Estonia,NULL,NULL
Lääne-Eesti,Estonia,NULL,NULL
Lõuna-Eesti,Estonia,NULL,NULL
Kesk-Eesti,Estonia,NULL,NULL
Kirde-Eesti,Estonia,NULL,NULL
Ireland,Ireland,Dublin,Cliffs of Moher
Ireland,Ireland,Dublin,Cliffs of Moher
Northern and Western,Ireland,NULL,NULL
Border,Ireland,NULL,NULL
West,Ireland,NULL,NULL
Southern,Ireland,NULL,NULL
Mid-West,Ireland,NULL,NULL
South-East,Ireland,NULL,NULL
South-West,Ireland,NULL,NULL
Eastern and Midland,Ireland,NULL,NULL
Dublin,Ireland,NULL,NULL
Mid-East,Ireland,NULL,NULL
Midland,Ireland,NULL,NULL
Greece,Greece,Athens,Acropolis of Athens
Attiki,Greece,NULL,NULL
Attiki,Greece,NULL,NULL
Voreios Tomeas Athinon,Greece,NULL,NULL
Dytikos Tomeas Athinon,Greece,NULL,NULL
Kentrikos Tomeas Athinon,Greece,NULL,NULL
Notios Tomeas Athinon,Greece,NULL,NULL
Anatoliki Attiki,Greece,NULL,NULL
Dytiki Attiki,Greece,NULL,NULL
"Peiraias, Nisoi",Greece,NULL,NULL
"Nisia Aigaiou, Kriti",Greece,NULL,NULL
Voreio Aigaio,Greece,NULL,NULL
"Lesvos, Limnos",Greece,NULL,NULL
"Ikaria, Samos",Greece,NULL,NULL
Chios,Greece,NULL,NULL
Notio Aigaio,Greece,NULL,NULL
"Kalymnos, Karpathos – Iroiki Nisos Kasos, Kos, Rodos",Greece,NULL,NULL
"Andros, Thira, Kea, Milos, Mykonos, Naxos, Paros, Syros, Tinos",Greece,NULL,NULL
Kriti,Greece,NULL,NULL
Irakleio,Greece,NULL,NULL
Lasithi,Greece,NULL,NULL
Rethymni,Greece,NULL,NULL
Chania,Greece,NULL,NULL
Voreia Elláda,Greece,NULL,NULL
"Anatoliki Makedonia, Thraki",Greece,NULL,NULL
Evros,Greece,NULL,NULL
Xanthi,Greece,NULL,NULL
Rodopi,Greece,NULL,NULL
Drama,Greece,NULL,NULL
"Thasos, Kavala",Greece,NULL,NULL
Kentriki Makedonia,Greece,NULL,NULL
Imathia,Greece,NULL,NULL
Thessaloniki,Greece,NULL,NULL
Kilkis,Greece,NULL,NULL
Pella,Greece,NULL,NULL
Pieria,Greece,NULL,NULL
Serres,Greece,NULL,NULL
Chalkidiki,Greece,NULL,NULL
Dytiki Makedonia,Greece,NULL,NULL
"Grevena, Kozani",Greece,NULL,NULL
Kastoria,Greece,NULL,NULL
Florina,Greece,NULL,NULL
Ipeiros,Greece,NULL,NULL
"Arta, Preveza",Greece,NULL,NULL
Thesprotia,Greece,NULL,NULL
Ioannina,Greece,NULL,NULL
Kentriki Elláda,Greece,NULL,NULL
Thessalia,Greece,NULL,NULL
"Karditsa, Trikala",Greece,NULL,NULL
Larisa,Greece,NULL,NULL
"Magnisia, Sporades",Greece,NULL,NULL
Ionia Nisia,Greece,NULL,NULL
Zakynthos,Greece,NULL,NULL
Kerkyra,Greece,NULL,NULL
"Ithaki, Kefallinia",Greece,NULL,NULL
Lefkada,Greece,NULL,NULL
Dytiki Elláda,Greece,NULL,NULL
Aitoloakarnania,Greece,NULL,NULL
Achaia,Greece,NULL,NULL
Ileia,Greece,NULL,NULL
Sterea Elláda,Greece,NULL,NULL
Voiotia,Greece,NULL,NULL
Evvoia,Greece,NULL,NULL
Evrytania,Greece,NULL,NULL
Fthiotida,Greece,NULL,NULL
Fokida,Greece,NULL,NULL
Peloponnisos,Greece,NULL,NULL
"Argolida, Arkadia",Greece,NULL,NULL
Korinthia,Greece,NULL,NULL
"Lakonia, Messinia",Greece,NULL,NULL
Spain,Spain,Madrid,Sagrada Familia
Noroeste,Spain,NULL,NULL
Galicia,Spain,NULL,NULL
A Coruña,Spain,NULL,NULL
Lugo,Spain,NULL,NULL
Ourense,Spain,NULL,NULL
Pontevedra,Spain,NULL,NULL
Principado de Asturias,Spain,NULL,NULL
Asturias,Spain,NULL,NULL
Cantabria,Spain,NULL,NULL
Cantabria,Spain,NULL,NULL
Noreste,Spain,NULL,NULL
País Vasco,Spain,NULL,NULL
Araba/Álava,Spain,NULL,NULL
Gipuzkoa,Spain,NULL,NULL
Bizkaia,Spain,NULL,NULL
Comunidad Foral de Navarra,Spain,NULL,NULL
Navarra,Spain,NULL,NULL
La Rioja,Spain,NULL,NULL
La Rioja,Spain,NULL,NULL
Aragón,Spain,NULL,NULL
Huesca,Spain,NULL,NULL
Teruel,Spain,NULL,NULL
Zaragoza,Spain,NULL,NULL
Comunidad de Madrid,Spain,NULL,NULL
Comunidad de Madrid,Spain,NULL,NULL
Madrid,Spain,NULL,NULL
Centro (ES),Spain,NULL,NULL
Castilla y León,Spain,NULL,NULL
Ávila,Spain,NULL,NULL
Burgos,Spain,NULL,NULL
León,Spain,NULL,NULL
Palencia,Spain,NULL,NULL
Salamanca,Spain,NULL,NULL
Segovia,Spain,NULL,NULL
Soria,Spain,NULL,NULL
Valladolid,Spain,NULL,NULL
Zamora,Spain,NULL,NULL
Castilla-La Mancha,Spain,NULL,NULL
Albacete,Spain,NULL,NULL
Ciudad Real,Spain,NULL,NULL
Cuenca,Spain,NULL,NULL
Guadalajara,Spain,NULL,NULL
Toledo,Spain,NULL,NULL
Extremadura,Spain,NULL,NULL
Badajoz,Spain,NULL,NULL
Cáceres,Spain,NULL,NULL
Este,Spain,NULL,NULL
Cataluña,Spain,NULL,NULL
Barcelona,Spain,NULL,NULL
Girona,Spain,NULL,NULL
Lleida,Spain,NULL,NULL
Tarragona,Spain,NULL,NULL
Comunitat Valenciana,Spain,NULL,NULL
Alicante/Alacant,Spain,NULL,NULL
Castellón/Castelló,Spain,NULL,NULL
Valencia/València,Spain,NULL,NULL
Illes Balears,Spain,NULL,NULL
Eivissa y Formentera,Spain,NULL,NULL
Mallorca,Spain,NULL,NULL
Menorca,Spain,NULL,NULL
Sur,Spain,NULL,NULL
Andalucía,Spain,NULL,NULL
Almería,Spain,NULL,NULL
Cádiz,Spain,NULL,NULL
Córdoba,Spain,NULL,NULL
Granada,Spain,NULL,NULL
Huelva,Spain,NULL,NULL
Jaén,Spain,NULL,NULL
Málaga,Spain,NULL,NULL
Sevilla,Spain,NULL,NULL
Región de Murcia,Spain,NULL,NULL
Murcia,Spain,NULL,NULL
Ciudad de Ceuta,Spain,NULL,NULL
Ceuta,Spain,NULL,NULL
Ciudad de Melilla,Spain,NULL,NULL
Melilla,Spain,NULL,NULL
Canarias,Spain,NULL,NULL
Canarias,Spain,NULL,NULL
El Hierro,Spain,NULL,NULL
Fuerteventura,Spain,NULL,NULL
Gran Canaria,Spain,NULL,NULL
La Gomera,Spain,NULL,NULL
La Palma,Spain,NULL,NULL
Lanzarote,Spain,NULL,NULL
Tenerife,Spain,NULL,NULL
France,France,Paris,Eiffel Tower
Ile de France,France,NULL,NULL
Ile de France,France,NULL,NULL
Paris,France,NULL,NULL
Seine-et-Marne,France,NULL,NULL
Yvelines,France,NULL,NULL
Essonne,France,NULL,NULL
Hauts-de-Seine,France,NULL,NULL
Seine-Saint-Denis,France,NULL,NULL
Val-de-Marne,France,NULL,NULL
Val-d'Oise,France,NULL,NULL
Centre — Val de Loire,France,NULL,NULL
Centre — Val de Loire,France,NULL,NULL
Cher,France,NULL,NULL
Eure-et-Loir,France,NULL,NULL
Indre,France,NULL,NULL
Indre-et-Loire,France,NULL,NULL
Loir-et-Cher,France,NULL,NULL
Loiret,France,NULL,NULL
Bourgogne-Franche-Comté,France,NULL,NULL
Bourgogne,France,NULL,NULL
Côte-d’Or,France,NULL,NULL
Nièvre,France,NULL,NULL
Saône-et-Loire,France,NULL,NULL
Yonne,France,NULL,NULL
Franche-Comté,France,NULL,NULL
Doubs,France,NULL,NULL
Jura,France,NULL,NULL
Haute-Saône,France,NULL,NULL
Territoire de Belfort,France,NULL,NULL
Normandie,France,NULL,NULL
Basse-Normandie,France,NULL,NULL
Calvados,France,NULL,NULL
Manche,France,NULL,NULL
Orne,France,NULL,NULL
Haute-Normandie,France,NULL,NULL
Eure,France,NULL,NULL
Seine-Maritime,France,NULL,NULL
Hauts-de-France,France,NULL,NULL
Nord-Pas de Calais,France,NULL,NULL
Nord,France,NULL,NULL
Pas-de-Calais,France,NULL,NULL
Picardie,France,NULL,NULL
Aisne,France,NULL,NULL
Oise,France,NULL,NULL
Somme,France,NULL,NULL
Grand Est,France,NULL,NULL
Alsace,France,NULL,NULL
Bas-Rhin,France,NULL,NULL
Haut-Rhin,France,NULL,NULL
Champagne-Ardenne,France,NULL,NULL
Ardennes,France,NULL,NULL
Aube,France,NULL,NULL
Marne,France,NULL,NULL
Haute-Marne,France,NULL,NULL
Lorraine,France,NULL,NULL
Meurthe-et-Moselle,France,NULL,NULL
Meuse,France,NULL,NULL
Moselle,France,NULL,NULL
Vosges,France,NULL,NULL
Pays de la Loire,France,NULL,NULL
Pays de la Loire,France,NULL,NULL
Loire-Atlantique,France,NULL,NULL
Maine-et-Loire,France,NULL,NULL
Mayenne,France,NULL,NULL
Sarthe,France,NULL,NULL
Vendée,France,NULL,NULL
Bretagne,France,NULL,NULL
Bretagne,France,NULL,NULL
Côtes-d’Armor,France,NULL,NULL
Finistère,France,NULL,NULL
Ille-et-Vilaine,France,NULL,NULL
Morbihan,France,NULL,NULL
Nouvelle-Aquitaine,France,NULL,NULL
Aquitaine,France,NULL,NULL
Dordogne,France,NULL,NULL
Gironde,France,NULL,NULL
Landes,France,NULL,NULL
Lot-et-Garonne,France,NULL,NULL
Pyrénées-Atlantiques,France,NULL,NULL
Limousin,France,NULL,NULL
Corrèze,France,NULL,NULL
Creuse,France,NULL,NULL
Haute-Vienne,France,NULL,NULL
Poitou-Charentes,France,NULL,NULL
Charente,France,NULL,NULL
Charente-Maritime,France,NULL,NULL
Deux-Sèvres,France,NULL,NULL
Vienne,France,NULL,NULL
Occitanie,France,NULL,NULL
Languedoc-Roussillon,France,NULL,NULL
Aude,France,NULL,NULL
Gard,France,NULL,NULL
Hérault,France,NULL,NULL
Lozère,France,NULL,NULL
Pyrénées-Orientales,France,NULL,NULL
Midi-Pyrénées,France,NULL,NULL
Ariège,France,NULL,NULL
Aveyron,France,NULL,NULL
Haute-Garonne,France,NULL,NULL
Gers,France,NULL,NULL
Lot,France,NULL,NULL
Hautes-Pyrénées,France,NULL,NULL
Tarn,France,NULL,NULL
Tarn-et-Garonne,France,NULL,NULL
Auvergne-Rhône-Alpes,France,NULL,NULL
Auvergne,France,NULL,NULL
Allier,France,NULL,NULL
Cantal,France,NULL,NULL
Haute-Loire,France,NULL,NULL
Puy-de-Dôme,France,NULL,NULL
Rhône-Alpes,France,NULL,NULL
Ain,France,NULL,NULL
Ardèche,France,NULL,NULL
Drôme,France,NULL,NULL
Isère,France,NULL,NULL
Loire,France,NULL,NULL
Rhône,France,NULL,NULL
Savoie,France,NULL,NULL
Haute-Savoie,France,NULL,NULL
Provence-Alpes-Côte d’Azur,France,NULL,NULL
Provence-Alpes-Côte d’Azur,France,NULL,NULL
Alpes-de-Haute-Provence,France,NULL,NULL
Hautes-Alpes,France,NULL,NULL
Alpes-Maritimes,France,NULL,NULL
Bouches-du-Rhône,France,NULL,NULL
Var,France,NULL,NULL
Vaucluse,France,NULL,NULL
Corse,France,NULL,NULL
Corse,France,NULL,NULL
Corse-du-Sud,France,NULL,NULL
Haute-Corse,France,NULL,NULL
RUP FR — Régions Ultrapériphériques Françaises,France,NULL,NULL
Guadeloupe,France,NULL,NULL
Guadeloupe,France,NULL,NULL
Martinique,France,NULL,NULL
Martinique,France,NULL,NULL
Guyane,France,NULL,NULL
Guyane,France,NULL,NULL
La Réunion,France,NULL,NULL
La Réunion,France,NULL,NULL
Mayotte,France,NULL,NULL
Mayotte,France,NULL,NULL
Croatia,Croatia,Zagreb,Plitvice Lakes
Hrvatska,Croatia,NULL,NULL
Panonska Hrvatska,Croatia,NULL,NULL
Bjelovarsko-bilogorska županija,Croatia,NULL,NULL
Virovitičko-podravska županija,Croatia,NULL,NULL
Požeško-slavonska županija,Croatia,NULL,NULL
Brodsko-posavska županija,Croatia,NULL,NULL
Osječko-baranjska županija,Croatia,NULL,NULL
Vukovarsko-srijemska županija,Croatia,NULL,NULL
Karlovačka županija,Croatia,NULL,NULL
Sisačko-moslavačka županija,Croatia,NULL,NULL
Jadranska Hrvatska,Croatia,NULL,NULL
Primorsko-goranska županija,Croatia,NULL,NULL
Ličko-senjska županija,Croatia,NULL,NULL
Zadarska županija,Croatia,NULL,NULL
Šibensko-kninska županija,Croatia,NULL,NULL
Splitsko-dalmatinska županija,Croatia,NULL,NULL
Istarska županija,Croatia,NULL,NULL
Dubrovačko-neretvanska županija,Croatia,NULL,NULL
Grad Zagreb,Croatia,NULL,NULL
Grad Zagreb,Croatia,NULL,NULL
Sjeverna Hrvatska,Croatia,NULL,NULL
Međimurska županija,Croatia,NULL,NULL
Varaždinska županija,Croatia,NULL,NULL
Koprivničko-križevačka županija,Croatia,NULL,NULL
Krapinsko-zagorska županija,Croatia,NULL,NULL
Zagrebačka županija,Croatia,NULL,NULL
Italy,Italy,Rome,Colosseum
Nord-Ovest,Italy,NULL,NULL
Piemonte,Italy,NULL,NULL
Torino,Italy,NULL,NULL
Vercelli,Italy,NULL,NULL
Biella,Italy,NULL,NULL
Verbano-Cusio-Ossola,Italy,NULL,NULL
Novara,Italy,NULL,NULL
Cuneo,Italy,NULL,NULL
Asti,Italy,NULL,NULL
Alessandria,Italy,NULL,NULL
Valle d’Aosta/Vallée d’Aoste,Italy,NULL,NULL
Valle d’Aosta/Vallée d’Aoste,Italy,NULL,NULL
Liguria,Italy,NULL,NULL
Imperia,Italy,NULL,NULL
Savona,Italy,NULL,NULL
Genova,Italy,NULL,NULL
La Spezia,Italy,NULL,NULL
Lombardia,Italy,NULL,NULL
Varese,Italy,NULL,NULL
Como,Italy,NULL,NULL
Lecco,Italy,NULL,NULL
Sondrio,Italy,NULL,NULL
Bergamo,Italy,NULL,NULL
Brescia,Italy,NULL,NULL
Pavia,Italy,NULL,NULL
Lodi,Italy,NULL,NULL
Cremona,Italy,NULL,NULL
Mantova,Italy,NULL,NULL
Milano,Italy,NULL,NULL
Monza e della Brianza,Italy,NULL,NULL
Sud,Italy,NULL,NULL
Abruzzo,Italy,NULL,NULL
L’Aquila,Italy,NULL,NULL
Teramo,Italy,NULL,NULL
Pescara,Italy,NULL,NULL
Chieti,Italy,NULL,NULL
Molise,Italy,NULL,NULL
Isernia,Italy,NULL,NULL
Campobasso,Italy,NULL,NULL
Campania,Italy,NULL,NULL
Caserta,Italy,NULL,NULL
Benevento,Italy,NULL,NULL
Napoli,Italy,NULL,NULL
Avellino,Italy,NULL,NULL
Salerno,Italy,NULL,NULL
Puglia,Italy,NULL,NULL
Taranto,Italy,NULL,NULL
Brindisi,Italy,NULL,NULL
Lecce,Italy,NULL,NULL
Foggia,Italy,NULL,NULL
Bari,Italy,NULL,NULL
Barletta-Andria-Trani,Italy,NULL,NULL
Basilicata,Italy,NULL,NULL
Potenza,Italy,NULL,NULL
Matera,Italy,NULL,NULL
Calabria,Italy,NULL,NULL
Cosenza,Italy,NULL,NULL
Crotone,Italy,NULL,NULL
Catanzaro,Italy,NULL,NULL
Vibo Valentia,Italy,NULL,NULL
Reggio Calabria,Italy,NULL,NULL
Isole,Italy,NULL,NULL
Sicilia,Italy,NULL,NULL
Trapani,Italy,NULL,NULL
Palermo,Italy,NULL,NULL
Messina,Italy,NULL,NULL
Agrigento,Italy,NULL,NULL
Caltanissetta,Italy,NULL,NULL
Enna,Italy,NULL,NULL
Catania,Italy,NULL,NULL
Ragusa,Italy,NULL,NULL
Siracusa,Italy,NULL,NULL
Sardegna,Italy,NULL,NULL
Sassari,Italy,NULL,NULL
Nuoro,Italy,NULL,NULL
Cagliari,Italy,NULL,NULL
Oristano,Italy,NULL,NULL
Sud Sardegna,Italy,NULL,NULL
Nord-Est,Italy,NULL,NULL
Provincia Autonoma di Bolzano/Bozen,Italy,NULL,NULL
Bolzano-Bozen,Italy,NULL,NULL
Provincia Autonoma di Trento,Italy,NULL,NULL
Trento,Italy,NULL,NULL
Veneto,Italy,NULL,NULL
Verona,Italy,NULL,NULL
Vicenza,Italy,NULL,NULL
Belluno,Italy,NULL,NULL
Treviso,Italy,NULL,NULL
Venezia,Italy,NULL,NULL
Padova,Italy,NULL,NULL
Rovigo,Italy,NULL,NULL
Friuli-Venezia Giulia,Italy,NULL,NULL
Pordenone,Italy,NULL,NULL
Udine,Italy,NULL,NULL
Gorizia,Italy,NULL,NULL
Trieste,Italy,NULL,NULL
Emilia-Romagna,Italy,NULL,NULL
Piacenza,Italy,NULL,NULL
Parma,Italy,NULL,NULL
Reggio nell’Emilia,Italy,NULL,NULL
Modena,Italy,NULL,NULL
Bologna,Italy,NULL,NULL
Ferrara,Italy,NULL,NULL
Ravenna,Italy,NULL,NULL
Forlì-Cesena,Italy,NULL,NULL
Rimini,Italy,NULL,NULL
Centro (IT),Italy,NULL,NULL
Toscana,Italy,NULL,NULL
Massa-Carrara,Italy,NULL,NULL
Lucca,Italy,NULL,NULL
Pistoia,Italy,NULL,NULL
Firenze,Italy,NULL,NULL
Prato,Italy,NULL,NULL
Livorno,Italy,NULL,NULL
Pisa,Italy,NULL,NULL
Arezzo,Italy,NULL,NULL
Siena,Italy,NULL,NULL
Grosseto,Italy,NULL,NULL
Umbria,Italy,NULL,NULL
Perugia,Italy,NULL,NULL
Terni,Italy,NULL,NULL
Marche,Italy,NULL,NULL
Pesaro e Urbino,Italy,NULL,NULL
Ancona,Italy,NULL,NULL
Macerata,Italy,NULL,NULL
Ascoli Piceno,Italy,NULL,NULL
Fermo,Italy,NULL,NULL
Lazio,Italy,NULL,NULL
Viterbo,Italy,NULL,NULL
Rieti,Italy,NULL,NULL
Roma,Italy,NULL,NULL
Latina,Italy,NULL,NULL
Frosinone,Italy,NULL,NULL
Cyprus,Cyprus,Nicosia,Tombs of the Kings
Kýpros,Cyprus,NULL,NULL
Kýpros,Cyprus,NULL,NULL
Kýpros,Cyprus,NULL,NULL
Latvia,Latvia,Riga,Riga Old Town
Latvija,Latvia,NULL,NULL
Latvija,Latvia,NULL,NULL
Latgale,Latvia,NULL,NULL
Zemgale,Latvia,NULL,NULL
Rīga,Latvia,NULL,NULL
Kurzeme,Latvia,NULL,NULL
Vidzeme,Latvia,NULL,NULL
Lithuania,Lithuania,Vilnius,Gediminas Tower
Lietuva,Lithuania,NULL,NULL
Sostinės regionas,Lithuania,NULL,NULL
Vilniaus apskritis,Lithuania,NULL,NULL
Vidurio ir vakarų Lietuvos regionas,Lithuania,NULL,NULL
Alytaus apskritis,Lithuania,NULL,NULL
Kauno apskritis,Lithuania,NULL,NULL
Klaipėdos apskritis,Lithuania,NULL,NULL
Marijampolės apskritis,Lithuania,NULL,NULL
Panevėžio apskritis,Lithuania,NULL,NULL
Šiaulių apskritis,Lithuania,NULL,NULL
Tauragės apskritis,Lithuania,NULL,NULL
Telšių apskritis,Lithuania,NULL,NULL
Utenos apskritis,Lithuania,NULL,NULL
Luxembourg,Luxembourg,Luxembourg City,Casemates du Bock
Luxembourg,Luxembourg,Luxembourg City,Casemates du Bock
Luxembourg,Luxembourg,Luxembourg City,Casemates du Bock
Luxembourg,Luxembourg,Luxembourg City,Casemates du Bock
Hungary,Hungary,Budapest,Parliament Building
Közép-Magyarország,Hungary,NULL,NULL
Budapest,Hungary,NULL,NULL
Budapest,Hungary,NULL,NULL
Pest,Hungary,NULL,NULL
Pest,Hungary,NULL,NULL
Dunántúl,Hungary,NULL,NULL
Közép-Dunántúl,Hungary,NULL,NULL
Fejér,Hungary,NULL,NULL
Komárom-Esztergom,Hungary,NULL,NULL
Veszprém,Hungary,NULL,NULL
Nyugat-Dunántúl,Hungary,NULL,NULL
Győr-Moson-Sopron,Hungary,NULL,NULL
Vas,Hungary,NULL,NULL
Zala,Hungary,NULL,NULL
Dél-Dunántúl,Hungary,NULL,NULL
Baranya,Hungary,NULL,NULL
Somogy,Hungary,NULL,NULL
Tolna,Hungary,NULL,NULL
Alföld és Észak,Hungary,NULL,NULL
Észak-Magyarország,Hungary,NULL,NULL
Borsod-Abaúj-Zemplén,Hungary,NULL,NULL
Heves,Hungary,NULL,NULL
Nógrád,Hungary,NULL,NULL
Észak-Alföld,Hungary,NULL,NULL
Hajdú-Bihar,Hungary,NULL,NULL
Jász-Nagykun-Szolnok,Hungary,NULL,NULL
Szabolcs-Szatmár-Bereg,Hungary,NULL,NULL
Dél-Alföld,Hungary,NULL,NULL
Bács-Kiskun,Hungary,NULL,NULL
Békés,Hungary,NULL,NULL
Csongrád-Csanád,Hungary,NULL,NULL
Malta,Malta,Valletta,St John Co-Cathedral
Malta,Malta,Valletta,St John Co-Cathedral
Malta,Malta,Valletta,St John Co-Cathedral
Malta,Malta,Valletta,St John Co-Cathedral
Gozo and Comino/Għawdex u Kemmuna,Malta,NULL,NULL
Netherlands,Netherlands,Amsterdam,Rijksmuseum
Noord-Nederland,Netherlands,NULL,NULL
Groningen,Netherlands,NULL,NULL
Delfzijl en omgeving,Netherlands,NULL,NULL
Oost-Groningen,Netherlands,NULL,NULL
Overig Groningen,Netherlands,NULL,NULL
Friesland (NL),Netherlands,NULL,NULL
Zuidoost-Friesland,Netherlands,NULL,NULL
Noord-Friesland,Netherlands,NULL,NULL
Zuidwest-Friesland,Netherlands,NULL,NULL
Drenthe,Netherlands,NULL,NULL
Noord-Drenthe,Netherlands,NULL,NULL
Zuidoost-Drenthe,Netherlands,NULL,NULL
Zuidwest-Drenthe,Netherlands,NULL,NULL
Oost-Nederland,Netherlands,NULL,NULL
Overijssel,Netherlands,NULL,NULL
Noord-Overijssel,Netherlands,NULL,NULL
Zuidwest-Overijssel,Netherlands,NULL,NULL
Twente,Netherlands,NULL,NULL
Gelderland,Netherlands,NULL,NULL
Veluwe,Netherlands,NULL,NULL
Zuidwest-Gelderland,Netherlands,NULL,NULL
Achterhoek,Netherlands,NULL,NULL
Arnhem/Nijmegen,Netherlands,NULL,NULL
Flevoland,Netherlands,NULL,NULL
Flevoland,Netherlands,NULL,NULL
West-Nederland,Netherlands,NULL,NULL
Noord-Holland,Netherlands,NULL,NULL
Kop van Noord-Holland,Netherlands,NULL,NULL
IJmond,Netherlands,NULL,NULL
Zaanstreek,Netherlands,NULL,NULL
Het Gooi en Vechtstreek,Netherlands,NULL,NULL
Alkmaar en omgeving,Netherlands,NULL,NULL
Agglomeratie Haarlem,Netherlands,NULL,NULL
Groot-Amsterdam,Netherlands,NULL,NULL
Zeeland,Netherlands,NULL,NULL
Zeeuwsch-Vlaanderen,Netherlands,NULL,NULL
Overig Zeeland,Netherlands,NULL,NULL
Utrecht,Netherlands,NULL,NULL
Utrecht,Netherlands,NULL,NULL
Zuid-Holland,Netherlands,NULL,NULL
Agglomeratie ’s-Gravenhage,Netherlands,NULL,NULL
Delft en Westland,Netherlands,NULL,NULL
Agglomeratie Leiden en Bollenstreek,Netherlands,NULL,NULL
Zuidoost-Zuid-Holland,Netherlands,NULL,NULL
Oost-Zuid-Holland,Netherlands,NULL,NULL
Groot-Rijnmond,Netherlands,NULL,NULL
Zuid-Nederland,Netherlands,NULL,NULL
Noord-Brabant,Netherlands,NULL,NULL
West-Noord-Brabant,Netherlands,NULL,NULL
Zuidoost-Noord-Brabant,Netherlands,NULL,NULL
Midden-Noord-Brabant,Netherlands,NULL,NULL
Noordoost-Noord-Brabant,Netherlands,NULL,NULL
Limburg (NL),Netherlands,NULL,NULL
Noord-Limburg,Netherlands,NULL,NULL
Midden-Limburg,Netherlands,NULL,NULL
Zuid-Limburg,Netherlands,NULL,NULL
Austria,Austria,Vienna,Schoenbrunn Palace
Ostösterreich,Austria,NULL,NULL
Burgenland,Austria,NULL,NULL
Mittelburgenland,Austria,NULL,NULL
Nordburgenland,Austria,NULL,NULL
Südburgenland,Austria,NULL,NULL
Niederösterreich,Austria,NULL,NULL
Mostviertel-Eisenwurzen,Austria,NULL,NULL
Niederösterreich-Süd,Austria,NULL,NULL
Sankt Pölten,Austria,NULL,NULL
Waldviertel,Austria,NULL,NULL
Weinviertel,Austria,NULL,NULL
Wiener Umland/Nordteil,Austria,NULL,NULL
Wiener Umland/Südteil,Austria,NULL,NULL
Wien,Austria,NULL,NULL
Wien,Austria,NULL,NULL
Südösterreich,Austria,NULL,NULL
Kärnten,Austria,NULL,NULL
Klagenfurt-Villach,Austria,NULL,NULL
Oberkärnten,Austria,NULL,NULL
Unterkärnten,Austria,NULL,NULL
Steiermark,Austria,NULL,NULL
Graz,Austria,NULL,NULL
Liezen,Austria,NULL,NULL
Östliche Obersteiermark,Austria,NULL,NULL
Oststeiermark,Austria,NULL,NULL
West- und Südsteiermark,Austria,NULL,NULL
Westliche Obersteiermark,Austria,NULL,NULL
Westösterreich,Austria,NULL,NULL
Oberösterreich,Austria,NULL,NULL
Innviertel,Austria,NULL,NULL
Linz-Wels,Austria,NULL,NULL
Mühlviertel,Austria,NULL,NULL
Steyr-Kirchdorf,Austria,NULL,NULL
Traunviertel,Austria,NULL,NULL
Salzburg,Austria,NULL,NULL
Lungau,Austria,NULL,NULL
Pinzgau-Pongau,Austria,NULL,NULL
Salzburg und Umgebung,Austria,NULL,NULL
Tirol,Austria,NULL,NULL
Außerfern,Austria,NULL,NULL
Innsbruck,Austria,NULL,NULL
Osttirol,Austria,NULL,NULL
Tiroler Oberland,Austria,NULL,NULL
Tiroler Unterland,Austria,NULL,NULL
Vorarlberg,Austria,NULL,NULL
Bludenz-Bregenzer Wald,Austria,NULL,NULL
Rheintal-Bodenseegebiet,Austria,NULL,NULL
Poland,Poland,Warsaw,Wawel Castle
Makroregion południowy,Poland,NULL,NULL
Małopolskie,Poland,NULL,NULL
Miasto Kraków,Poland,NULL,NULL
Krakowski,Poland,NULL,NULL
Tarnowski,Poland,NULL,NULL
Nowosądecki,Poland,NULL,NULL
Nowotarski,Poland,NULL,NULL
Oświęcimski,Poland,NULL,NULL
Śląskie,Poland,NULL,NULL
Częstochowski,Poland,NULL,NULL
Bielski,Poland,NULL,NULL
Rybnicki,Poland,NULL,NULL
Bytomski,Poland,NULL,NULL
Gliwicki,Poland,NULL,NULL
Katowicki,Poland,NULL,NULL
Sosnowiecki,Poland,NULL,NULL
Tyski,Poland,NULL,NULL
Makroregion północno-zachodni,Poland,NULL,NULL
Wielkopolskie,Poland,NULL,NULL
Pilski,Poland,NULL,NULL
Koniński,Poland,NULL,NULL
Miasto Poznań,Poland,NULL,NULL
Kaliski,Poland,NULL,NULL
Leszczyński,Poland,NULL,NULL
Poznański,Poland,NULL,NULL
Zachodniopomorskie,Poland,NULL,NULL
Miasto Szczecin,Poland,NULL,NULL
Koszaliński,Poland,NULL,NULL
Szczecinecko-pyrzycki,Poland,NULL,NULL
Szczeciński,Poland,NULL,NULL
Lubuskie,Poland,NULL,NULL
Gorzowski,Poland,NULL,NULL
Zielonogórski,Poland,NULL,NULL
Makroregion południowo-zachodni,Poland,NULL,NULL
Dolnośląskie,Poland,NULL,NULL
Miasto Wrocław,Poland,NULL,NULL
Jeleniogórski,Poland,NULL,NULL
Legnicko-głogowski,Poland,NULL,NULL
Wałbrzyski,Poland,NULL,NULL
Wrocławski,Poland,NULL,NULL
Opolskie,Poland,NULL,NULL
Nyski,Poland,NULL,NULL
Opolski,Poland,NULL,NULL
Makroregion północny,Poland,NULL,NULL
Kujawsko-pomorskie,Poland,NULL,NULL
Bydgosko-toruński,Poland,NULL,NULL
Grudziądzki,Poland,NULL,NULL
Inowrocławski,Poland,NULL,NULL
Świecki,Poland,NULL,NULL
Włocławski,Poland,NULL,NULL
Warmińsko-mazurskie,Poland,NULL,NULL
Elbląski,Poland,NULL,NULL
Olsztyński,Poland,NULL,NULL
Ełcki,Poland,NULL,NULL
Pomorskie,Poland,NULL,NULL
Trójmiejski,Poland,NULL,NULL
Gdański,Poland,NULL,NULL
Słupski,Poland,NULL,NULL
Chojnicki,Poland,NULL,NULL
Starogardzki,Poland,NULL,NULL
Makroregion centralny,Poland,NULL,NULL
Łódzkie,Poland,NULL,NULL
Miasto Łódź,Poland,NULL,NULL
Łódzki,Poland,NULL,NULL
Piotrkowski,Poland,NULL,NULL
Sieradzki,Poland,NULL,NULL
Skierniewicki,Poland,NULL,NULL
Świętokrzyskie,Poland,NULL,NULL
Kielecki,Poland,NULL,NULL
Sandomiersko-jędrzejowski,Poland,NULL,NULL
Makroregion wschodni,Poland,NULL,NULL
Lubelskie,Poland,NULL,NULL
Bialski,Poland,NULL,NULL
Chełmsko-zamojski,Poland,NULL,NULL
Lubelski,Poland,NULL,NULL
Puławski,Poland,NULL,NULL
Podkarpackie,Poland,NULL,NULL
Krośnieński,Poland,NULL,NULL
Przemyski,Poland,NULL,NULL
Rzeszowski,Poland,NULL,NULL
Tarnobrzeski,Poland,NULL,NULL
Podlaskie,Poland,NULL,NULL
Białostocki,Poland,NULL,NULL
Łomżyński,Poland,NULL,NULL
Suwalski,Poland,NULL,NULL
Makroregion województwo mazowieckie,Poland,NULL,NULL
Warszawski stołeczny,Poland,NULL,NULL
Miasto Warszawa,Poland,NULL,NULL
Warszawski wschodni,Poland,NULL,NULL
Warszawski zachodni,Poland,NULL,NULL
Mazowiecki regionalny,Poland,NULL,NULL
Radomski,Poland,NULL,NULL
Ciechanowski,Poland,NULL,NULL
Płocki,Poland,NULL,NULL
Ostrołęcki,Poland,NULL,NULL
Siedlecki,Poland,NULL,NULL
Żyrardowski,Poland,NULL,NULL
Portugal,Portugal,Lisbon,Tower of Belem
Continente,Portugal,NULL,NULL
Norte,Portugal,NULL,NULL
Alto Minho,Portugal,NULL,NULL
Cávado,Portugal,NULL,NULL
Ave,Portugal,NULL,NULL
Área Metropolitana do Porto,Portugal,NULL,NULL
Alto Tâmega e Barroso,Portugal,NULL,NULL
Tâmega e Sousa,Portugal,NULL,NULL
Douro,Portugal,NULL,NULL
Terras de Trás-os-Montes,Portugal,NULL,NULL
Algarve,Portugal,NULL,NULL
Algarve,Portugal,NULL,NULL
Centro (PT),Portugal,NULL,NULL
Região de Aveiro,Portugal,NULL,NULL
Região de Coimbra,Portugal,NULL,NULL
Região de Leiria,Portugal,NULL,NULL
Viseu Dão Lafões,Portugal,NULL,NULL
Beira Baixa,Portugal,NULL,NULL
Beiras e Serra da Estrela,Portugal,NULL,NULL
Grande Lisboa,Portugal,NULL,NULL
Grande Lisboa,Portugal,NULL,NULL
Península de Setúbal,Portugal,NULL,NULL
Península de Setúbal,Portugal,NULL,NULL
Alentejo,Portugal,NULL,NULL
Alentejo Litoral,Portugal,NULL,NULL
Baixo Alentejo,Portugal,NULL,NULL
Alto Alentejo,Portugal,NULL,NULL
Alentejo Central,Portugal,NULL,NULL
Oeste e Vale do Tejo,Portugal,NULL,NULL
Oeste,Portugal,NULL,NULL
Médio Tejo,Portugal,NULL,NULL
Lezíria do Tejo,Portugal,NULL,NULL
Região Autónoma dos Açores,Portugal,NULL,NULL
Região Autónoma dos Açores,Portugal,NULL,NULL
Região Autónoma dos Açores,Portugal,NULL,NULL
Região Autónoma da Madeira,Portugal,NULL,NULL
Região Autónoma da Madeira,Portugal,NULL,NULL
Região Autónoma da Madeira,Portugal,NULL,NULL
Romania,Romania,Bucharest,Bran Castle
Macroregiunea Unu,Romania,NULL,NULL
Nord-Vest,Romania,NULL,NULL
Bihor,Romania,NULL,NULL
Bistriţa-Năsăud,Romania,NULL,NULL
Cluj,Romania,NULL,NULL
Maramureş,Romania,NULL,NULL
Satu Mare,Romania,NULL,NULL
Sălaj,Romania,NULL,NULL
Centru,Romania,NULL,NULL
Alba,Romania,NULL,NULL
Braşov,Romania,NULL,NULL
Covasna,Romania,NULL,NULL
Harghita,Romania,NULL,NULL
Mureş,Romania,NULL,NULL
Sibiu,Romania,NULL,NULL
Macroregiunea Doi,Romania,NULL,NULL
Nord-Est,Romania,NULL,NULL
Bacău,Romania,NULL,NULL
Botoşani,Romania,NULL,NULL
Iaşi,Romania,NULL,NULL
Neamţ,Romania,NULL,NULL
Suceava,Romania,NULL,NULL
Vaslui,Romania,NULL,NULL
Sud-Est,Romania,NULL,NULL
Brăila,Romania,NULL,NULL
Buzău,Romania,NULL,NULL
Constanţa,Romania,NULL,NULL
Galaţi,Romania,NULL,NULL
Tulcea,Romania,NULL,NULL
Vrancea,Romania,NULL,NULL
Macroregiunea Trei,Romania,NULL,NULL
Sud-Muntenia,Romania,NULL,NULL
Argeş,Romania,NULL,NULL
Călăraşi,Romania,NULL,NULL
Dâmboviţa,Romania,NULL,NULL
Giurgiu,Romania,NULL,NULL
Ialomiţa,Romania,NULL,NULL
Prahova,Romania,NULL,NULL
Teleorman,Romania,NULL,NULL
Bucureşti-Ilfov,Romania,NULL,NULL
Bucureşti,Romania,NULL,NULL
Ilfov,Romania,NULL,NULL
Macroregiunea Patru,Romania,NULL,NULL
Sud-Vest Oltenia,Romania,NULL,NULL
Dolj,Romania,NULL,NULL
Gorj,Romania,NULL,NULL
Mehedinţi,Romania,NULL,NULL
Olt,Romania,NULL,NULL
Vâlcea,Romania,NULL,NULL
Vest,Romania,NULL,NULL
Arad,Romania,NULL,NULL
Caraş-Severin,Romania,NULL,NULL
Hunedoara,Romania,NULL,NULL
Timiş,Romania,NULL,NULL
Slovenia,Slovenia,Ljubljana,Lake Bled
Slovenija,Slovenia,NULL,NULL
Vzhodna Slovenija,Slovenia,NULL,NULL
Pomurska,Slovenia,NULL,NULL
Podravska,Slovenia,NULL,NULL
Koroška,Slovenia,NULL,NULL
Savinjska,Slovenia,NULL,NULL
Zasavska,Slovenia,NULL,NULL
Posavska,Slovenia,NULL,NULL
Jugovzhodna Slovenija,Slovenia,NULL,NULL
Primorsko-notranjska,Slovenia,NULL,NULL
Zahodna Slovenija,Slovenia,NULL,NULL
Osrednjeslovenska,Slovenia,NULL,NULL
Gorenjska,Slovenia,NULL,NULL
Goriška,Slovenia,NULL,NULL
Obalno-kraška,Slovenia,NULL,NULL
Slovakia,Slovakia,Bratislava,Bratislava Castle
Slovensko,Slovakia,NULL,NULL
Bratislavský kraj,Slovakia,NULL,NULL
Bratislavský kraj,Slovakia,NULL,NULL
Západné Slovensko,Slovakia,NULL,NULL
Trnavský kraj,Slovakia,NULL,NULL
Trenčiansky kraj,Slovakia,NULL,NULL
Nitriansky kraj,Slovakia,NULL,NULL
Stredné Slovensko,Slovakia,NULL,NULL
Žilinský kraj,Slovakia,NULL,NULL
Banskobystrický kraj,Slovakia,NULL,NULL
Východné Slovensko,Slovakia,NULL,NULL
Prešovský kraj,Slovakia,NULL,NULL
Košický kraj,Slovakia,NULL,NULL
Finland,Finland,Helsinki,Suomenlinna
Manner-Suomi,Finland,NULL,NULL
Länsi-Suomi,Finland,NULL,NULL
Satakunta,Finland,NULL,NULL
Keski-Suomi,Finland,NULL,NULL
Etelä-Pohjanmaa,Finland,NULL,NULL
Pohjanmaa,Finland,NULL,NULL
Pirkanmaa,Finland,NULL,NULL
Helsinki-Uusimaa,Finland,NULL,NULL
Helsinki-Uusimaa,Finland,NULL,NULL
Etelä-Suomi,Finland,NULL,NULL
Varsinais-Suomi,Finland,NULL,NULL
Kanta-Häme,Finland,NULL,NULL
Etelä-Karjala,Finland,NULL,NULL
Päijät-Häme,Finland,NULL,NULL
Kymenlaakso,Finland,NULL,NULL
Pohjois- ja Itä-Suomi,Finland,NULL,NULL
Keski-Pohjanmaa,Finland,NULL,NULL
Lappi,Finland,NULL,NULL
Kainuu,Finland,NULL,NULL
Pohjois-Pohjanmaa,Finland,NULL,NULL
Etelä-Savo,Finland,NULL,NULL
Pohjois-Savo,Finland,NULL,NULL
Pohjois-Karjala,Finland,NULL,NULL
Åland,Finland,NULL,NULL
Åland,Finland,NULL,NULL
Åland,Finland,NULL,NULL
Sweden,Sweden,Stockholm,Vasa Museum
Östra Sverige,Sweden,NULL,NULL
Stockholm,Sweden,NULL,NULL
Stockholms län,Sweden,NULL,NULL
Östra Mellansverige,Sweden,NULL,NULL
Uppsala län,Sweden,NULL,NULL
Södermanlands län,Sweden,NULL,NULL
Östergötlands län,Sweden,NULL,NULL
Örebro län,Sweden,NULL,NULL
Västmanlands län,Sweden,NULL,NULL
Södra Sverige,Sweden,NULL,NULL
Småland med öarna,Sweden,NULL,NULL
Jönköpings län,Sweden,NULL,NULL
Kronobergs län,Sweden,NULL,NULL
Kalmar län,Sweden,NULL,NULL
Gotlands län,Sweden,NULL,NULL
Sydsverige,Sweden,NULL,NULL
Blekinge län,Sweden,NULL,NULL
Skåne län,Sweden,NULL,NULL
Västsverige,Sweden,NULL,NULL
Hallands län,Sweden,NULL,NULL
Västra Götalands län,Sweden,NULL,NULL
Norra Sverige,Sweden,NULL,NULL
Norra Mellansverige,Sweden,NULL,NULL
Värmlands län,Sweden,NULL,NULL
Dalarnas län,Sweden,NULL,NULL
Gävleborgs län,Sweden,NULL,NULL
Mellersta Norrland,Sweden,NULL,NULL
Västernorrlands län,Sweden,NULL,NULL
Jämtlands län,Sweden,NULL,NULL
Övre Norrland,Sweden,NULL,NULL
Västerbottens län,Sweden,NULL,NULL
Norrbottens län,Sweden,NULL,NULL
Iceland,Iceland,Reykjavik,Blue Lagoon
Ísland,Iceland,NULL,NULL
Ísland,Iceland,NULL,NULL
Höfuðborgarsvæði,Iceland,NULL,NULL
Landsbyggð,Iceland,NULL,NULL
Liechtenstein,Liechtenstein,Vaduz,Vaduz Castle
Liechtenstein,Liechtenstein,Vaduz,Vaduz Castle
Liechtenstein,Liechtenstein,Vaduz,Vaduz Castle
Liechtenstein,Liechtenstein,Vaduz,Vaduz Castle
Norway,Norway,Oslo,Geirangerfjord
Norge,Norway,NULL,NULL
Oslo og Akershus (statistical region 2016),Norway,NULL,NULL
Innlandet,Norway,NULL,NULL
Innlandet,Norway,NULL,NULL
Sør-Østlandet (statistical region 2016),Norway,NULL,NULL
Agder og Rogaland (statistical region 2016),Norway,NULL,NULL
Vestlandet (statistical region 2016),Norway,NULL,NULL
Trøndelag,Norway,NULL,NULL
Trøndelag/Trööndelage,Norway,NULL,NULL
Nord-Norge,Norway,NULL,NULL
Nordland/Nordlánnda,Norway,NULL,NULL
Troms/Romsa/Tromssa,Norway,NULL,NULL
Finnmark/Finnmárku/Finmarkku,Norway,NULL,NULL
Troms og Finnmark/Romsa ja Finnmárku/Tromssa ja Finmarkku (statistical region 2021),Norway,NULL,NULL
Oslo og Viken,Norway,NULL,NULL
Oslo,Norway,NULL,NULL
Viken (statistical region 2021),Norway,NULL,NULL
Østfold,Norway,NULL,NULL
Akershus,Norway,NULL,NULL
Buskerud,Norway,NULL,NULL
Agder og Sør-Østlandet,Norway,NULL,NULL
Vestfold og Telemark (statistical region 2021),Norway,NULL,NULL
Agder,Norway,NULL,NULL
Vestfold,Norway,NULL,NULL
Telemark,Norway,NULL,NULL
Vestlandet,Norway,NULL,NULL
Rogaland,Norway,NULL,NULL
Vestland,Norway,NULL,NULL
Møre og Romsdal,Norway,NULL,NULL
Svalbard og Jan Mayen,Norway,NULL,NULL
Jan Mayen,Norway,NULL,NULL
Svalbard,Norway,NULL,NULL
Switzerland,Switzerland,Bern,Matterhorn
Schweiz/Suisse/Svizzera,Switzerland,NULL,NULL
Région lémanique,Switzerland,NULL,NULL
Vaud,Switzerland,NULL,NULL
Valais / Wallis,Switzerland,NULL,NULL
Genève,Switzerland,NULL,NULL
Espace Mittelland,Switzerland,NULL,NULL
Bern / Berne,Switzerland,NULL,NULL
Fribourg / Freiburg,Switzerland,NULL,NULL
Solothurn,Switzerland,NULL,NULL
Neuchâtel,Switzerland,NULL,NULL
Jura,Switzerland,NULL,NULL
Nordwestschweiz,Switzerland,NULL,NULL
Basel-Stadt,Switzerland,NULL,NULL
Basel-Landschaft,Switzerland,NULL,NULL
Aargau,Switzerland,NULL,NULL
Zürich,Switzerland,NULL,NULL
Zürich,Switzerland,NULL,NULL
Ostschweiz,Switzerland,NULL,NULL
Glarus,Switzerland,NULL,NULL
Schaffhausen,Switzerland,NULL,NULL
Appenzell Ausserrhoden,Switzerland,NULL,NULL
Appenzell Innerrhoden,Switzerland,NULL,NULL
St. Gallen,Switzerland,NULL,NULL
Graubünden / Grigioni / Grischun,Switzerland,NULL,NULL
Thurgau,Switzerland,NULL,NULL
Zentralschweiz,Switzerland,NULL,NULL
Luzern,Switzerland,NULL,NULL
Uri,Switzerland,NULL,NULL
Schwyz,Switzerland,NULL,NULL
Obwalden,Switzerland,NULL,NULL
Nidwalden,Switzerland,NULL,NULL
Zug,Switzerland,NULL,NULL
Ticino,Switzerland,NULL,NULL
Ticino,Switzerland,NULL,NULL
United Kingdom,United Kingdom,London,Tower of London
Montenegro,Montenegro,Podgorica,Bay of Kotor
Crna Gora,Montenegro,NULL,NULL
Crna Gora,Montenegro,NULL,NULL
Crna Gora,Montenegro,NULL,NULL
North Macedonia,North Macedonia,Skopje,Lake Ohrid
Severna Makedonija,North Macedonia,NULL,NULL
Severna Makedonija,North Macedonia,NULL,NULL
Vardarski,North Macedonia,NULL,NULL
Istočen,North Macedonia,NULL,NULL
Jugozapaden,North Macedonia,NULL,NULL
Jugoistočen,North Macedonia,NULL,NULL
Pelagoniski,North Macedonia,NULL,NULL
Pološki,North Macedonia,NULL,NULL
Severoistočen,North Macedonia,NULL,NULL
Skopski,North Macedonia,NULL,NULL
Albania,Albania,Tirana,Butrint
Shqipëria,Albania,NULL,NULL
Veri,Albania,NULL,NULL
Dibër,Albania,NULL,NULL
Durrës,Albania,NULL,NULL
Kukës,Albania,NULL,NULL
Lezhë,Albania,NULL,NULL
Shkodër,Albania,NULL,NULL
Qender,Albania,NULL,NULL
Elbasan,Albania,NULL,NULL
Tiranë,Albania,NULL,NULL
Jug,Albania,NULL,NULL
Berat,Albania,NULL,NULL
Fier,Albania,NULL,NULL
Gjirokastër,Albania,NULL,NULL
Korçë,Albania,NULL,NULL
Vlorë,Albania,NULL,NULL
Serbia,Serbia,Belgrade,Belgrade Fortress
Srbija - sever,Serbia,NULL,NULL
Beogradski region,Serbia,NULL,NULL
Beogradska oblast,Serbia,NULL,NULL
Region Vojvodine,Serbia,NULL,NULL
Zapadnobacka oblast,Serbia,NULL,NULL
Juznobanatska oblast,Serbia,NULL,NULL
Juznobacka oblast,Serbia,NULL,NULL
Severnobanatska oblast,Serbia,NULL,NULL
Severnobacka oblast,Serbia,NULL,NULL
Srednjobanatska oblast,Serbia,NULL,NULL
Sremska oblast,Serbia,NULL,NULL
Srbija - jug,Serbia,NULL,NULL
Region Sumadije i Zapadne Srbije,Serbia,NULL,NULL
Zlatiborska oblast,Serbia,NULL,NULL
Kolubarska oblast,Serbia,NULL,NULL
Macvanska oblast,Serbia,NULL,NULL
Moravicka oblast,Serbia,NULL,NULL
Pomoravska oblast,Serbia,NULL,NULL
Rasinska oblast,Serbia,NULL,NULL
Raska oblast,Serbia,NULL,NULL
Sumadijska oblast,Serbia,NULL,NULL
Region Juzne i Istocne Srbije,Serbia,NULL,NULL
Borska oblast,Serbia,NULL,NULL
Branicevska oblast,Serbia,NULL,NULL
Zajecarska oblast,Serbia,NULL,NULL
Jablanicka oblast,Serbia,NULL,NULL
Nisavska oblast,Serbia,NULL,NULL
Pirotska oblast,Serbia,NULL,NULL
Podunavska oblast,Serbia,NULL,NULL
Pcinjska oblast,Serbia,NULL,NULL
Toplicka oblast,Serbia,NULL,NULL
Türkiye,Türkiye,Ankara,Hagia Sophia
İstanbul,Türkiye,NULL,NULL
İstanbul,Türkiye,NULL,NULL
Batı Marmara,Türkiye,NULL,NULL
"Tekirdağ, Edirne, Kırklareli",Türkiye,NULL,NULL
"Balıkesir, Çanakkale",Türkiye,NULL,NULL
Ege,Türkiye,NULL,NULL
İzmir,Türkiye,NULL,NULL
"Aydın, Denizli, Muğla",Türkiye,NULL,NULL
"Manisa, Afyonkarahisar, Kütahya, Uşak",Türkiye,NULL,NULL
Doğu Marmara,Türkiye,NULL,NULL
"Bursa, Eskişehir, Bilecik",Türkiye,NULL,NULL
"Kocaeli, Sakarya, Düzce, Bolu, Yalova",Türkiye,NULL,NULL
Batı Anadolu,Türkiye,NULL,NULL
Ankara,Türkiye,NULL,NULL
"Konya, Karaman",Türkiye,NULL,NULL
Akdeniz,Türkiye,NULL,NULL
"Antalya, Isparta, Burdur",Türkiye,NULL,NULL
"Adana, Mersin",Türkiye,NULL,NULL
"Hatay, Kahramanmaraş, Osmaniye",Türkiye,NULL,NULL
Orta Anadolu,Türkiye,NULL,NULL
"Kırıkkale, Aksaray, Niğde, Nevşehir, Kırşehir",Türkiye,NULL,NULL
"Kayseri, Sivas, Yozgat",Türkiye,NULL,NULL
Batı Karadeniz,Türkiye,NULL,NULL
"Zonguldak, Karabük, Bartın",Türkiye,NULL,NULL
"Kastamonu, Çankırı, Sinop",Türkiye,NULL,NULL
"Samsun, Tokat, Çorum, Amasya",Türkiye,NULL,NULL
Doğu Karadeniz,Türkiye,NULL,NULL
"Trabzon, Ordu, Giresun, Rize, Artvin, Gümüşhane",Türkiye,NULL,NULL
Kuzeydoğu Anadolu,Türkiye,NULL,NULL
"Erzurum, Erzincan, Bayburt",Türkiye,NULL,NULL
"Ağrı, Kars, Iğdır, Ardahan",Türkiye,NULL,NULL
Ortadoğu Anadolu,Türkiye,NULL,NULL
"Malatya, Elazığ, Bingöl, Tunceli",Türkiye,NULL,NULL
"Van, Muş, Bitlis, Hakkari",Türkiye,NULL,NULL
Güneydoğu Anadolu,Türkiye,NULL,NULL
"Gaziantep, Adıyaman, Kilis",Türkiye,NULL,NULL
"Şanlıurfa, Diyarbakır",Türkiye,NULL,NULL
"Mardin, Batman, Şırnak, Siirt",Türkiye,NULL,NULL
